Time,RSS(MB),PrivMem(KB),VSZ(MB),CPU%,CPU%Norm,LoadAvg
16:24:14,5.2,4643,401735.5,0.0,0.0,
16:24:20,5.2,4643,401735.5,0.0,0.0,
16:24:26,14.1,16,402063.5,9.3,93.0,
16:24:31,27.9,29,402191.5,21.9,219.0,
16:24:37,29.4,29,402191.5,25.8,258.0,
16:24:43,29.5,29,402191.5,27.0,270.0,
16:24:48,29.6,30,402191.5,30.0,300.0,
16:24:54,28.9,30,402191.5,26.9,269.0,
16:25:00,28.9,30,402191.5,23.1,231.0,
16:25:05,45.9,50,402327.5,36.8,368.0,
16:25:11,71.4,75,402351.5,51.3,513.0,
16:25:17,74.1,75,402359.5,97.7,977.0,
16:25:23,74.5,75,402359.5,100.9,1009.0,
16:25:29,74.5,75,402359.5,93.3,933.0,
16:25:34,74.5,75,402359.5,82.9,829.0,
16:25:40,73.4,75,402359.5,73.5,735.0,
16:25:46,74.0,75,402359.5,52.9,529.0,
16:25:52,73.9,75,402359.5,7.8,78.0,
16:25:57,74.7,37,402359.5,0.0,0.0,
16:26:03,74.7,37,402359.5,0.0,0.0,
16:26:09,74.7,37,402359.5,0.0,0.0,
16:26:14,74.7,37,402359.5,0.0,0.0,
16:26:20,74.7,37,402359.5,0.0,0.0,
16:26:26,74.7,37,402359.5,0.0,0.0,
