Time,RSS(MB),VSZ(MB),CPU%,CPU%Norm,LoadAvg
14:33:42,5.2,401607.5,0.0,0.0,
14:33:47,5.2,401607.5,0.0,0.0,
14:33:52,8.7,401799.5,1.7,17.0,
14:33:57,19.5,402191.5,18.2,182.0,
14:34:02,29.4,402327.5,30.7,307.0,
14:34:08,29.5,402327.5,27.4,274.0,
14:34:13,29.5,402327.5,33.5,335.0,
14:34:18,29.5,402327.5,27.5,275.0,
14:34:23,29.7,402327.5,38.7,387.0,
14:34:28,29.8,402327.5,32.5,325.0,
14:34:33,31.5,402327.5,24.3,243.0,
14:34:38,39.1,402327.5,39.0,390.0,
14:34:43,46.9,402327.5,43.8,438.0,
14:34:48,54.5,402335.5,56.1,561.0,
14:34:53,61.7,402335.5,62.9,629.0,
14:34:58,68.4,402335.5,80.9,809.0,
14:35:03,74.7,402351.5,91.0,910.0,
14:35:08,74.7,402351.5,57.4,574.0,
14:35:13,74.7,402351.5,78.5,785.0,
14:35:18,74.2,402351.5,70.7,707.0,
14:35:23,73.9,402351.5,55.2,552.0,
14:35:28,73.4,402351.5,76.2,762.0,
14:35:33,74.0,402351.5,68.5,685.0,
14:35:38,74.0,402351.5,36.7,367.0,
14:35:43,72.9,402351.5,5.0,50.0,
14:35:48,72.9,402351.5,0.0,0.0,
14:35:53,72.9,402351.5,0.0,0.0,
14:35:58,72.9,402351.5,0.0,0.0,
14:36:03,72.9,402351.5,0.0,0.0,
14:36:08,72.9,402351.5,0.0,0.0,
14:36:13,72.9,402351.5,0.0,0.0,
14:36:18,72.9,402351.5,0.0,0.0,
14:36:23,72.9,402351.5,0.0,0.0,
14:36:28,72.9,402351.5,0.0,0.0,
14:36:33,72.9,402351.5,0.0,0.0,
14:36:38,73.0,402351.5,0.0,0.0,
14:36:43,73.0,402351.5,0.0,0.0,
14:36:48,73.0,402351.5,0.0,0.0,
14:36:53,73.0,402351.5,0.0,0.0,
14:36:58,73.0,402351.5,0.0,0.0,
14:37:03,73.0,402351.5,0.0,0.0,
14:37:08,73.0,402351.5,0.0,0.0,
14:37:13,74.4,402479.5,6.3,63.0,
14:37:18,71.4,402479.5,19.9,199.0,
14:37:24,70.1,402607.5,31.9,319.0,
14:37:29,61.8,402607.5,42.0,420.0,
14:37:34,32.5,402607.5,32.2,322.0,
14:37:39,32.6,402607.5,25.9,259.0,
14:37:44,32.7,402607.5,22.9,229.0,
14:37:49,33.0,402607.5,28.6,286.0,
14:37:54,37.5,402607.5,27.9,279.0,
14:37:59,44.9,402607.5,39.6,396.0,
14:38:04,49.9,402607.5,42.9,429.0,
14:38:09,57.2,402607.5,65.1,651.0,
14:38:14,64.3,402607.5,46.7,467.0,
14:38:19,71.4,402607.5,63.7,637.0,
14:38:24,74.6,402607.5,66.7,667.0,
14:38:29,74.8,402607.5,86.1,861.0,
14:38:34,74.0,402607.5,86.0,860.0,
14:38:39,74.2,402607.5,82.9,829.0,
14:38:44,74.2,402607.5,71.4,714.0,
14:38:49,73.9,402607.5,74.2,742.0,
14:38:54,74.1,402607.5,57.1,571.0,
14:38:59,74.2,402607.5,22.0,220.0,
14:39:04,66.9,402599.5,0.0,0.0,
14:39:09,66.9,402599.5,0.0,0.0,
14:39:14,66.9,402599.5,0.0,0.0,
14:39:19,66.9,402599.5,0.0,0.0,
14:39:24,66.9,402599.5,0.0,0.0,
14:39:29,66.9,402599.5,0.0,0.0,
14:39:34,66.9,402599.5,0.0,0.0,
